{
  "version": "20251117_185516",
  "model_type": "multilabel",
  "created_at": "2025-11-17T18:55:27.333783",
  "metrics_summary": {
    "label_aucs": {
      "twf": 0.47322322322322324,
      "hdf": 0.999415790352195,
      "pwf": 0.9987487487487487,
      "osf": 0.999060621242485,
      "rnf": 0.47097097097097096
    }
  },
  "trained_samples": 10000
}