{
  "version": "20251117_190556",
  "model_type": "multilabel",
  "created_at": "2025-11-17T19:06:05.306239",
  "metrics_summary": {
    "label_aucs": {
      "twf": 0.9107372063173169,
      "hdf": 0.9999560159222362,
      "pwf": 1.0,
      "osf": 0.9978914141414142,
      "rnf": 0.6951402805611223
    }
  },
  "trained_samples": 10000
}